"participant_id","strategy_itemid","strategy_explanation","strategy_tag","strategy_subtag"
1,3,"If they meant the red circle they would have likely picked the red paint icon, therefore I picked blue. I left some allowance for the participant picking illogically or mistakenly.","meta_reasoning","limited resources"
2,3,"indicates it is a cicle bi=ut there was no colour so it could be either of the circles","guess",""
3,1,"The hint was triangle, but there are two triangles to choose from. If it was the red triangle I would have sent the red paint. So I have chosen the triangle of blue, as they could not have sent a blue hint","correct_reasoning",""
4,2,"I put the sliders in those positions because there are two triangles and one circle so i don't think it would be the circle and so it is 50/50 between the two triangles","guess",""
5,5,"Because there are two red items (circle and square) which would put the odds at 50-50, but the child would have had the opportunity to choose the circle icon if it was the red circle so I think there's a chance (25%) that the child operated entirely off colour but also a chance (75%) that they picked the red colour because there was no shape option of the square","meta_reasoning","limited resources"
6,7,"The child ""Intended"" this as there was no available Square message. And assumed the alien would know this.","correct_reasoning",""
7,3,"If it was a red circle, the child would have chosen red paint.","correct_reasoning",""
8,1,"almost equal chance","guess",""
9,1,"would choose red for other triangle","correct_reasoning",""
10,5,"Because there are 2 different red shapes, therefore they is a 50% chance that they pick either red shape","guess",""
11,1,"Because there are two possible answers","guess",""
12,7,"BECAUSE THE CHILD SAID GREEN, AND THEIR ARE TWO GREEN OPTIONS","guess",""
13,3,"There are 2 circles to choose from, so it would be nearly 50/50 that the child choose either one.","guess",""
14,6,"There are two red images but if the participant wanted me to choose the red triangle they could have just used the triangle message, so the fact they chose the red message means it is the square they wanted me to pick.","correct_reasoning",""
15,7,"They are both green","guess",""
16,1,"because it could be either of the triangles","guess",""
17,8,"Because there are two shapes the colour green. Therefore it would be a 50/50 chance of being either.","guess",""
18,5,"As they are both red","guess",""
19,1,"law of averages","guess",""
20,3,"Well, if the child wanted the red circle picked he most likely would have chosen red rather than circle. But there is some slight doubt. So I accounted for that not very likely possibility.","meta_reasoning","limited resources"
21,3,"the red option may be more popular","preference",""
22,1,"because the triangle sign could be either the red or blue one, but if the red one was highlighted then the child would likely have chosen the red paint image","correct_reasoning",""
23,2,"I think it is more logical to identify by shape, than colour if needed. If the other person thinks like me, they will have used the triangle symbol as there is no blue paint to differentiate but there is green. Process of elimination would lead me to believe it is a blue triangle.","correct_reasoning",""
24,3,"The child could have chosen red to indicate the red circle with absolute certaintly but had no other options for the blue circle","correct_reasoning",""
25,3,"colour match","unclear",""
26,3,"I based it on the shapes and colours and how I would respond to the task if I was the one sending the message.","unclear",""
27,3,"because there is a circle and a red option but no blue option to pick. I assume a child would pick the red circle but may not notice there is no blue colour","meta_reasoning","limited resources"
28,5,"i did what the ask asked and said what i thought the kids were thinking","unclear",""
29,5,"If it was the square there's no unambiguous way of indicating, but there's a chance they were just picking by colour without making that calculation","meta_reasoning","limited resources"
30,1,"they seemed the logical place to put them
color to color
shape to shape","guess",""
31,7,"the participant chose green which could be any of these two options.","guess",""
32,8,"It's most likely the square as the triangle could have been chosen to represent the other green icon.  I do not specify 100% certainty however as the triangle is a possibility.","correct_reasoning",""
33,3,"Equal chance","guess",""
34,3,"the child said circle and there is a blue one and a red one.  I think the child would have chose the colour red if it had been the red circle so i believe they mean the blue circle.","correct_reasoning",""
35,7,"Because these 2 objects are green","guess",""
36,3,"although there are two circles with different colours which means the participant could be referring to either red or blue however, they had the red colour available to them to select. So if it was the red circle, they should have selected the red colour rather than the circle object","correct_reasoning",""
37,5,"because red in 2 choices","guess",""
38,4,"the person said circle, and there are 2 circles to pick one, so it is a 50% chance","guess",""
39,2,"it was 50/50 as to which of the 2 objects were to be described","guess",""
40,5,"Both shapes are red, the same as the colour the child picked. Therefore, there is an equal chance the child intended to convey either of these two shapes.","guess",""
41,5,"0 for the blue triangle as the colour is red. 
I think the  most likely is the red square, as there is no square button. Whereas there is a circle button and there is only 1 circle. But I haven't put it at 100% for red square as I think some people may miss this.","meta_reasoning","limited resources"
42,1,"It is more likely that the previous participant intended me to pick the blue triangle, because there is no blue paint option. If they intended for me to pick the red triangle then it would make more sense for them to pick the red paint option","correct_reasoning",""
43,2,"I am in two minds if a 4 year old would be that smart to choose the green paint if it is the green triangle, rather than the triangle shape. I really don't know. I think there is a 70 percent chance that the child would be smart enough to do that, so I think by chosing the triangle shape he/she is trying to tell the alien to pick the blue triangle. ( Hope this makes sense!!","meta_reasoning","limited resources"
44,4,"If there wasn't the right option I would pick the closest to that and then give 25 to the other similar one just in case","unclear",""
45,3,"They picked the circle and there is also a color red. THey did not pick red and because the other circle is not red, it must be blue.","correct_reasoning",""
46,2,"because there are 2 triangles so 50/50 which one it would be...","guess",""
47,7,"Because there are 2 green options, the chance of either being picked is 50/50.","guess",""
48,3,"Based on the message, there is a 50% chance either circle could be the answer","guess",""
49,1,"There is two triangles","guess",""
50,3,"becuase clearly it was a circle, if he had been the red circile he couldve just done the red paint to show it was the only red shape. as no co.our paint chosen it must be blue","correct_reasoning",""
51,6,"colour red was picked so there are two options 50 50 chance","guess",""
52,8,"It must be green and there is a triangle option, so must be the square","correct_reasoning",""
53,2,"two triangles... could of been green or blue","guess",""
54,4,"Because the circle did not offer a colour, although in hindsight if they wanted green circle, they could have selected green","exclude",""
55,6,"50 50 ish split","guess",""
56,3,"The child only indicated that the shape was a circle but did not indicate the colour so it's 50/50 which colour the circle is","guess",""
57,6,"Square shape isn't available as an option.","correct_reasoning",""
58,5,"it could have been either of the red objects","guess",""
59,7,"There are 2 selections with the colour green, there is a 50% chance the child have chosen either one.","guess",""
60,8,"Because it's the only applicable choice.","unclear",""
61,5,"As red could mean they wanted to choose either the red circle or red rectangle.","guess",""
62,4,"Green was an option, so the only choice for blue is circle","correct_reasoning",""
63,4,"to gauge the chances of it being that particular shape/colour","guess",""
64,3,"The child should pick the circle to indicate the blue and red to indicate the red circle, however a Childs thoughts may not follow this process, hence the 20% for error.","meta_reasoning","limited resources"
65,4,"The user could have chosen green if the green circle was highlighted therefore I think they must have selected the circle to represent the blue circle","correct_reasoning",""
66,2,"Because there are 2 triangle so there is an equal chance of the child trying to identify each","guess",""
67,8,"The child had indicated green and there are 2 green options available","guess",""
68,3,"Blue is the most obvious as they could have gone for the red paint if they wanted you to chose the red circle. However there is a small chance they did not think of that and just chose the circle","meta_reasoning","limited resources"
69,3,"because it was a circle and two options either red or blue, but they could've selected red if they wanted the red circle selected so had to be blue circle","correct_reasoning",""
70,3,"The participant could have chosen red to indicate exactly which object to pick but they chose circle instead (of which there are two). That tells me that the option to communicate exactly the object chosen wasn't available, i.e. blue","correct_reasoning",""
71,7,"There are 2 green shapes but if it was the green circle the person would have selected circle to show it was the green circle.","correct_reasoning",""
72,1,"because they are both triangles","guess",""
73,5,"Both shapes are red so could be either","guess",NA
74,6,"if it was the red triangle I think the message would have been the triangle symbol. The only other red image is the square for which there is not a square symbol to send in the message","correct_reasoning",NA
75,8,"If they were trying to say green square they could put green or square but there is only green color. If they were trying to say green triangle they would have put triangle so as not to cause confusion. So the only option is green square because square was not available and it is green.","correct_reasoning",NA
76,2,"There is an even chance I would pick either triangle.","guess",NA
77,4,"Because if the person wanted me to select the green circle they could have used the green paint, but it can't be fully ruled out. There is no blue paint option so the closet is the circle.","meta_reasoning",NA
78,4,"both were equally circles","guess",NA
79,1,"Apologies I meant to put it 50/50","unclear",NA
80,4,"because it wants a circle and their are two circles so it is 50/50 as to which one it is.","guess",NA
81,1,"It had to be a triangle and equally likely to be red or blue","guess",""
82,2,"I discounted the red circle because it has no relation to the clue of a triangle. If chatGPT wanted me to pick the green triangle it could have sent the colour green as a clue because that would uniquely identify the green triangle - therefore I assumed it was pointing towards the blue triangle as the triangle was the only relevant option for that one. But chatGPT does not have perfect logic so I estimated there is still a chance it may be intending me to pick the green triangle.","meta_reasoning","limited_resources"
83,3,"its a circle so 85 percent should be circle","unclear",""
84,4,"ChatGPT's message indicates that I should pick a circle which discounts the red square.

Between the two circles left, I think ChatGPT intended the interpreter to pick the blue circle as otherwise ChatGPT would have sent the green paint symbol to indicate the interpreter should pick the green circle.","correct_reasoning",""
85,5,"Both items are red.  It is a 1 in 2 chance","guess",""
86,5,"There are two red shapes, the circle and the square. However, in the messages available to ChatGPT, they have both the color red as an option to pick and also a plain circle. I felt that they would have simply picked the circle if that was the answer since it would make it obvious that the answer isn't the other red shape... However, because there isn't a square available to give as an answer, yet the color red is given as an answer option, I think the ChatGPT did the 2nd best thing they could and told me red hoping I would them do a process of elimination. So that's why I went with the red square and only gave the circle a tiny percentage of chance in comparison.","correct_reasoning",""
87,5,"because there is a 50 50 chance its either the square or circle as they are both red.","guess",""
88,7,"they've only picked a colour but as there are 2 shapes in that colour but the square is not available to choose I thought it would be the square","correct_reasoning",""
89,8,"Because there were 2 green shapes to choose from and so I thought that there was an equal chance ChatGPT was referring to either one.","guess",""
90,1,"ChatGPT advised to pick the triangle, but there were 2 triangles so I was only 50% sure I'd choose the correct one.","guess",""
91,2,"Because there is a green triangle so I think chat gpt would have chosen the green prompt for this. But there is no blue prompt","correct_reasoning",""
92,8,"I determined which shape I thought the ChatGPT was referring to based on the colour of the selection or the shape. I thought a match for either of these would increase the likelihood of the ChatGPT intending to pick those objects.","unclear",""
93,1,"Because the shape is a triangle so it could be either one","guess",""
94,3,"I worked off the probability that I as the user would pick the right object based on the Chat GPT submission. Where there was two options based on that one message, it really is 50/50 from a human perspective. there is no way of knowing one is above the other when making the choice. Logical","guess",""
95,2,"I can by the shape and the colours","unclear",""
96,6,"Triangle icon was available but not used, so it's more likely that the red represents the square.  I'm not 100% certain of course, hence the option that it still could have been referring to the triangle","correct_reasoning",""
97,4,"Square could have been red, without other options, so that is ruled out.
If green circle, should have used green to signify it. 
Circle therefore suggests that blue circle is the answer, but cannot be 100% sure, as ChatGPT can be a bit thick sometimes.","meta_reasoning","limited_resources"
98,2,"Triangle undefined color.","guess",""
99,4,"It seemed like the only option. I was doing what I would have done if it had been me sending the message over","unclear",""
100,6,"I think it could be saying ignore this colour - its teh other shape","odd_one_out",""
101,1,"If I get sent a shape, I would think ChatGPT would want me to choose that shape, there is no indication of what colour so if the same shapes are available in two different colours, it would be a 50/50 likelihood that it would be either of these.","guess",""
102,6,"Because if it wanted me to pick the triangle it would send the triangle message, but since there's no square message it has to resort to using a colour message","correct_reasoning",""
103,6,"Chat GPT  only expressed the colour red as its preference. I only could work with the colour red so I had a choice between the two red items I could select. There was an even chance of either.","guess",""
104,6,"as there is no square i think they used red to show it but there is  a little chance it for the triangle","correct_reasoning",""
105,4,"as there are 2 possible outcomes from what chat got has given us","guess",""
106,6,"It has to be the red triangle or the red square. If it was the triangle it would have selected the triangle, so it must be the square as that is the only red one without it's shape available to pick.","correct_reasoning",""
107,8,"There are 2 green shapes","guess",""
108,5,"both red as requested","guess",""
109,1,"I think it is equally likely that ChatGPT would have intended me to pick either the blue or red triangle.","guess",""
110,5,"It could equally be either of the red shapes","guess",""
111,4,"There are 2 circles so 50/50 chance it could be either of those","guess",""
112,7,"There are two green objects.","guess",""
113,4,"because they sent circle and there are two options. Green was an option they could have sent but didn't so therefore must be blue circle.","correct_reasoning",""
114,1,"Chat GPT said triangle so it is an equal chance to be either of the triangles so 50% chance each","guess",""
115,7,"I would automatically assume it meant the square, but had no shape of square to select, so went for the next identifying characteristic (green). If it had been the green circle, it would be simpler to choose the circle indicator as there are no other circles to confuse it. But I haven't selected 100% on square answer, as I don't know how the chatgpt works and whether it knows to reason and ensure other options are definitely ruled out by its choice...","meta_reasoning","limited_resources"
116,2,"As there were two triangle symbols available to choose from, I believe there was a 50/50 chance for it to be either message. As the triangle message that was sent over did not have a colour.","guess",""
117,5,"GPT clearly showed red paint and 2 of the 3 objects are red so there should be an equal chance of those two being chosen","guess",""
118,5,"For color preference","preference",NA
119,5,"Just feels like process of elimination. If 2 objects are the same colouur but one was available as a shape it would use that shape. I believe I got the last one ""wrong"".","correct_reasoning",NA
120,4,"It could be either circle, but because there is no blue paint option to choose I think it's more likely to be the blue circle","correct_reasoning",NA
